_id,status,userId,examId,timeSpent,results,score,numberOfCorrectAnswers,numberOfSkippedQuestions,numberOfWrongAnswers,percentage,remark,total,createdAt,updatedAt,__v
616ff267bae7580016355070,pending,6154838ed1e76e5ff85b8b1e,616840fcdf6ca80c9c5a328a,1030,"[{""_id"":{""$oid"":""616ff267bae7580016355071""},""questionId"":{""$oid"":""61694476626c322c9c0d4f1c""},""optionSelected"":3,""mark_weight"":30,""correctOption"":3}]",30,1,0,0,1,You were Excellent.,30,2021-10-20T10:41:43.933Z,2021-10-20T10:41:43.933Z,0
616ff5d4bae758001635512e,pending,6154838ed1e76e5ff85b8b1e,616840fcdf6ca80c9c5a328a,1030,"[{""_id"":{""$oid"":""616ff5d4bae758001635512f""},""questionId"":{""$oid"":""616ff5b7bae758001635512c""},""optionSelected"":3,""mark_weight"":15,""correctOption"":3}]",15,1,0,0,1,You were Excellent.,15,2021-10-20T10:56:20.281Z,2021-10-20T10:56:20.281Z,0
616ff65fbae7580016355143,marked,6154838ed1e76e5ff85b8b1e,616840fcdf6ca80c9c5a328a,1030,"[{""_id"":{""$oid"":""616ff65fbae7580016355144""},""questionId"":{""$oid"":""616ff5b7bae758001635512c""},""optionSelected"":3,""mark_weight"":15,""correctOption"":3}]",15,1,0,0,1,You were Excellent.,15,2021-10-20T10:58:39.235Z,2021-10-20T10:58:39.235Z,0
617bdf23fc556a00169f1180,marked,6154838ed1e76e5ff85b8b1e,616840fcdf6ca80c9c5a328a,1030,"[{""_id"":{""$oid"":""617bdf23fc556a00169f1181""},""questionId"":{""$oid"":""61694476626c322c9c0d4f1c""},""optionSelected"":3,""mark_weight"":30,""correctOption"":3},{""_id"":{""$oid"":""617bdf23fc556a00169f1182""},""questionId"":{""$oid"":""61694666ca86aa507c1d4a15""},""optionSelected"":3,""mark_weight"":30,""correctOption"":3},{""_id"":{""$oid"":""617bdf23fc556a00169f1183""},""questionId"":{""$oid"":""61694502f1efc147209db21d""},""optionSelected"":3,""mark_weight"":30,""correctOption"":3},{""_id"":{""$oid"":""617bdf23fc556a00169f1184""},""questionId"":{""$oid"":""616944d6e6826c167c7c9486""},""optionSelected"":3,""mark_weight"":30,""correctOption"":3},{""_id"":{""$oid"":""617bdf23fc556a00169f1185""},""questionId"":{""$oid"":""616946b2411dcd3ce008946d""},""optionSelected"":3,""mark_weight"":30,""correctOption"":3}]",150,5,0,0,1,You were Excellent.,150,2021-10-29T11:46:43.047Z,2021-10-29T11:46:43.047Z,0
617be0c1fc556a00169f1187,pending,6154838ed1e76e5ff85b8b1e,617ac528401e8643c8353b32,1030,"[{""_id"":{""$oid"":""617be0c1fc556a00169f1188""},""questionId"":{""$oid"":""617ac539401e8643c8353b3a""},""mark_weight"":30,""assignedScore"":42,""graded"":true},{""_id"":{""$oid"":""617be0c1fc556a00169f1189""},""questionId"":{""$oid"":""617ac620401e8643c8353b5d""},""optionSelected"":3,""mark_weight"":30,""correctOption"":3}]",60,2,0,0,1,You were Excellent.,60,2021-10-29T11:53:37.541Z,2021-10-29T14:27:01.774Z,0
6182bb32ebf7424e10c4d4e1,pending,603fdf31a36c060015655272,617fb7e7537625528cf4f721,15,"[{""graded"":false,""_id"":{""$oid"":""6182bb32ebf7424e10c4d4e2""},""questionId"":{""$oid"":""61807f701a5eec0016682dbe""},""optionSelected"":0,""correctOption"":3,""markWeight"":30},{""graded"":false,""_id"":{""$oid"":""6182bb32ebf7424e10c4d4e3""},""questionId"":{""$oid"":""61807f951a5eec0016682dc0""},""optionSelected"":1,""correctOption"":3,""markWeight"":30},{""graded"":false,""_id"":{""$oid"":""6182bb32ebf7424e10c4d4e4""},""questionId"":{""$oid"":""61807f9d1a5eec0016682dc2""},""optionSelected"":2,""correctOption"":3,""markWeight"":30},{""graded"":false,""_id"":{""$oid"":""6182bb32ebf7424e10c4d4e5""},""questionId"":{""$oid"":""6181455cab161872687061a7""},""optionSelected"":1,""correctOption"":3,""markWeight"":30}]",0,0,1,3,0,You can do better.,120,2021-11-03T16:39:14.113Z,2021-11-03T16:39:14.113Z,0
6182bee3ebf7424e10c4d519,pending,603fdf31a36c060015655272,617fb7e7537625528cf4f721,15,"[{""graded"":false,""_id"":{""$oid"":""6182bee3ebf7424e10c4d51a""},""questionId"":{""$oid"":""61807f701a5eec0016682dbe""},""optionSelected"":0,""correctOption"":3,""markWeight"":30},{""graded"":false,""_id"":{""$oid"":""6182bee3ebf7424e10c4d51b""},""questionId"":{""$oid"":""61807f951a5eec0016682dc0""},""optionSelected"":1,""correctOption"":3,""markWeight"":30},{""graded"":false,""_id"":{""$oid"":""6182bee3ebf7424e10c4d51c""},""questionId"":{""$oid"":""61807f9d1a5eec0016682dc2""},""optionSelected"":2,""correctOption"":3,""markWeight"":30},{""graded"":false,""_id"":{""$oid"":""6182bee3ebf7424e10c4d51d""},""questionId"":{""$oid"":""6181455cab161872687061a7""},""optionSelected"":0,""correctOption"":3,""markWeight"":30}]",0,0,2,2,0,You can do better.,120,2021-11-03T16:54:59.236Z,2021-11-03T16:54:59.236Z,0
6182bf4febf7424e10c4d616,pending,603fdf31a36c060015655272,617fb7e7537625528cf4f721,15,"[{""graded"":false,""_id"":{""$oid"":""6182bf4febf7424e10c4d617""},""questionId"":{""$oid"":""61807f701a5eec0016682dbe""},""optionSelected"":1,""correctOption"":3,""markWeight"":30},{""graded"":false,""_id"":{""$oid"":""6182bf4febf7424e10c4d618""},""questionId"":{""$oid"":""61807f951a5eec0016682dc0""},""optionSelected"":0,""correctOption"":3,""markWeight"":30},{""graded"":false,""_id"":{""$oid"":""6182bf4febf7424e10c4d619""},""questionId"":{""$oid"":""61807f9d1a5eec0016682dc2""},""optionSelected"":1,""correctOption"":3,""markWeight"":30},{""graded"":false,""_id"":{""$oid"":""6182bf4febf7424e10c4d61a""},""questionId"":{""$oid"":""6181455cab161872687061a7""},""optionSelected"":2,""correctOption"":3,""markWeight"":30}]",0,0,1,3,0,You can do better.,120,2021-11-03T16:56:47.590Z,2021-11-03T16:56:47.590Z,0
6182c0b7ebf7424e10c4d714,pending,603fdf31a36c060015655272,617fb7e7537625528cf4f721,15,"[{""graded"":false,""_id"":{""$oid"":""6182c0b7ebf7424e10c4d715""},""questionId"":{""$oid"":""61807f701a5eec0016682dbe""},""optionSelected"":3,""correctOption"":3,""markWeight"":30},{""graded"":false,""_id"":{""$oid"":""6182c0b7ebf7424e10c4d716""},""questionId"":{""$oid"":""61807f951a5eec0016682dc0""},""optionSelected"":3,""correctOption"":3,""markWeight"":30},{""graded"":false,""_id"":{""$oid"":""6182c0b7ebf7424e10c4d717""},""questionId"":{""$oid"":""61807f9d1a5eec0016682dc2""},""optionSelected"":3,""correctOption"":3,""markWeight"":30},{""graded"":false,""_id"":{""$oid"":""6182c0b7ebf7424e10c4d718""},""questionId"":{""$oid"":""6181455cab161872687061a7""},""optionSelected"":3,""correctOption"":3,""markWeight"":30}]",120,4,0,0,1,You were Excellent.,120,2021-11-03T17:02:47.558Z,2021-11-03T17:02:47.558Z,0
6182c0e3ebf7424e10c4d733,pending,603fdf31a36c060015655272,617fb7e7537625528cf4f721,15,"[{""graded"":false,""_id"":{""$oid"":""6182c0e3ebf7424e10c4d734""},""questionId"":{""$oid"":""61807f701a5eec0016682dbe""},""optionSelected"":3,""correctOption"":3,""markWeight"":30},{""graded"":false,""_id"":{""$oid"":""6182c0e3ebf7424e10c4d735""},""questionId"":{""$oid"":""61807f951a5eec0016682dc0""},""optionSelected"":3,""correctOption"":3,""markWeight"":30},{""graded"":false,""_id"":{""$oid"":""6182c0e3ebf7424e10c4d736""},""questionId"":{""$oid"":""61807f9d1a5eec0016682dc2""},""optionSelected"":3,""correctOption"":3,""markWeight"":30},{""graded"":false,""_id"":{""$oid"":""6182c0e3ebf7424e10c4d737""},""questionId"":{""$oid"":""6181455cab161872687061a7""},""optionSelected"":3,""correctOption"":3,""markWeight"":30}]",120,4,0,0,1,You were Excellent.,120,2021-11-03T17:03:31.726Z,2021-11-03T17:03:31.726Z,0
6182c15febf7424e10c4d881,pending,603fdf31a36c060015655272,617fb7e7537625528cf4f721,15,"[{""graded"":false,""_id"":{""$oid"":""6182c15febf7424e10c4d882""},""questionId"":{""$oid"":""61807f701a5eec0016682dbe""},""optionSelected"":3,""correctOption"":3,""markWeight"":30},{""graded"":false,""_id"":{""$oid"":""6182c15febf7424e10c4d883""},""questionId"":{""$oid"":""61807f951a5eec0016682dc0""},""optionSelected"":3,""correctOption"":3,""markWeight"":30},{""graded"":false,""_id"":{""$oid"":""6182c15febf7424e10c4d884""},""questionId"":{""$oid"":""61807f9d1a5eec0016682dc2""},""optionSelected"":3,""correctOption"":3,""markWeight"":30},{""graded"":false,""_id"":{""$oid"":""6182c15febf7424e10c4d885""},""questionId"":{""$oid"":""6181455cab161872687061a7""},""optionSelected"":3,""correctOption"":3,""markWeight"":30}]",120,4,0,0,1,You were Excellent.,120,2021-11-03T17:05:35.844Z,2021-11-03T17:05:35.844Z,0
6182c177ebf7424e10c4d8da,pending,603fdf31a36c060015655272,617fb7e7537625528cf4f721,15,"[{""graded"":false,""_id"":{""$oid"":""6182c177ebf7424e10c4d8db""},""questionId"":{""$oid"":""61807f701a5eec0016682dbe""},""optionSelected"":1,""correctOption"":3,""markWeight"":30},{""graded"":false,""_id"":{""$oid"":""6182c177ebf7424e10c4d8dc""},""questionId"":{""$oid"":""61807f951a5eec0016682dc0""},""optionSelected"":2,""correctOption"":3,""markWeight"":30},{""graded"":false,""_id"":{""$oid"":""6182c177ebf7424e10c4d8dd""},""questionId"":{""$oid"":""61807f9d1a5eec0016682dc2""},""optionSelected"":1,""correctOption"":3,""markWeight"":30},{""graded"":false,""_id"":{""$oid"":""6182c177ebf7424e10c4d8de""},""questionId"":{""$oid"":""6181455cab161872687061a7""},""optionSelected"":0,""correctOption"":3,""markWeight"":30}]",0,0,1,3,0,You can do better.,120,2021-11-03T17:05:59.246Z,2021-11-03T17:05:59.246Z,0
61851dd1faac5c1ba4c5e2da,pending,603fdf31a36c060015655272,618515f60640370016d8dc7d,15,"[{""graded"":false,""_id"":{""$oid"":""61851dd1faac5c1ba4c5e2db""},""questionId"":{""$oid"":""618515fb0640370016d8dc85""},""optionSelected"":1,""correctOption"":1,""markWeight"":1},{""graded"":false,""_id"":{""$oid"":""61851dd1faac5c1ba4c5e2dc""},""questionId"":{""$oid"":""6185162e0640370016d8dc88""},""optionSelected"":2,""correctOption"":1,""markWeight"":1},{""graded"":false,""_id"":{""$oid"":""61851dd1faac5c1ba4c5e2dd""},""questionId"":{""$oid"":""6185165d0640370016d8dc8b""},""optionSelected"":-1,""markWeight"":1},{""graded"":false,""_id"":{""$oid"":""61851dd1faac5c1ba4c5e2de""},""questionId"":{""$oid"":""618516710640370016d8dc8e""},""optionSelected"":0,""correctOption"":2,""markWeight"":1},{""graded"":false,""_id"":{""$oid"":""61851dd1faac5c1ba4c5e2df""},""questionId"":{""$oid"":""618516a40640370016d8dc91""},""optionSelected"":1,""correctOption"":0,""markWeight"":1},{""graded"":false,""_id"":{""$oid"":""61851dd1faac5c1ba4c5e2e0""},""questionId"":{""$oid"":""618516e10640370016d8dc94""},""optionSelected"":2,""correctOption"":2,""markWeight"":1},{""graded"":false,""_id"":{""$oid"":""61851dd1faac5c1ba4c5e2e1""},""questionId"":{""$oid"":""618517190640370016d8dcb1""},""optionSelected"":1,""correctOption"":0,""markWeight"":1},{""graded"":false,""_id"":{""$oid"":""61851dd1faac5c1ba4c5e2e2""},""questionId"":{""$oid"":""6185174a0640370016d8dcb4""},""optionSelected"":0,""correctOption"":3,""markWeight"":1},{""graded"":false,""_id"":{""$oid"":""61851dd1faac5c1ba4c5e2e3""},""questionId"":{""$oid"":""618517a50640370016d8dcba""},""optionSelected"":1,""correctOption"":3,""markWeight"":1},{""graded"":false,""_id"":{""$oid"":""61851dd1faac5c1ba4c5e2e4""},""questionId"":{""$oid"":""618517de0640370016d8dcce""},""optionSelected"":1,""correctOption"":3,""markWeight"":1}]",2,2,2,6,0.2,You can do better.,10,2021-11-05T12:04:33.428Z,2021-11-05T12:04:33.428Z,0
61851f1aa0e4ea3088111d7a,pending,6154838ed1e76e5ff85b8b1e,6184fd3600be005454a6fe4c,1030,"[{""graded"":false,""_id"":{""$oid"":""61851f1aa0e4ea3088111d7b""},""questionId"":{""$oid"":""6184fd3e00be005454a6fe54""},""optionSelected"":1,""markWeight"":30,""correctOption"":1},{""graded"":true,""_id"":{""$oid"":""61851f1aa0e4ea3088111d7c""},""questionId"":{""$oid"":""6184fd6f00be005454a6fe57""},""answer"":""Culture is a way of life."",""markWeight"":20,""assignedScore"":20}]",30,1,1,0,0.6,Good Result.,50,2021-11-05T12:10:02.988Z,2021-11-05T13:57:00.244Z,0
61853e02faac5c1ba4c5e485,pending,603fdf31a36c060015655272,618521e80640370016d8dde9,60,"[{""graded"":false,""_id"":{""$oid"":""61853e02faac5c1ba4c5e486""},""questionId"":{""$oid"":""618521ec0640370016d8ddf1""},""optionSelected"":-1,""markWeight"":1}]",0,0,0,1,0,You can do better.,1,2021-11-05T14:21:54.389Z,2021-11-05T14:21:54.389Z,0
61853eb6faac5c1ba4c5e4bc,pending,603fdf31a36c060015655272,61853cc4ad97d83a7846c089,15,"[{""graded"":false,""_id"":{""$oid"":""61853eb6faac5c1ba4c5e4bd""},""questionId"":{""$oid"":""61853cd2ad97d83a7846c091""},""optionSelected"":0,""correctOption"":0,""markWeight"":1},{""graded"":false,""_id"":{""$oid"":""61853eb6faac5c1ba4c5e4be""},""questionId"":{""$oid"":""61853d61ad97d83a7846c094""},""optionSelected"":1,""correctOption"":0,""markWeight"":1},{""graded"":false,""_id"":{""$oid"":""61853eb6faac5c1ba4c5e4bf""},""questionId"":{""$oid"":""61853dd5ad97d83a7846c097""},""optionSelected"":2,""correctOption"":2,""markWeight"":1}]",1,1,1,1,0.3333333333333333,You can do better.,3,2021-11-05T14:24:54.054Z,2021-11-05T14:24:54.054Z,0
6185417ffaac5c1ba4c5e52f,pending,603fdf31a36c060015655272,61853cc4ad97d83a7846c089,15,"[{""graded"":false,""_id"":{""$oid"":""6185417ffaac5c1ba4c5e530""},""questionId"":{""$oid"":""61853cd2ad97d83a7846c091""},""optionSelected"":1,""correctOption"":0,""markWeight"":1},{""graded"":false,""_id"":{""$oid"":""6185417ffaac5c1ba4c5e531""},""questionId"":{""$oid"":""61853d61ad97d83a7846c094""},""optionSelected"":2,""correctOption"":0,""markWeight"":1},{""graded"":false,""_id"":{""$oid"":""6185417ffaac5c1ba4c5e532""},""questionId"":{""$oid"":""61853dd5ad97d83a7846c097""},""optionSelected"":1,""correctOption"":2,""markWeight"":1}]",0,0,0,3,0,You can do better.,3,2021-11-05T14:36:47.475Z,2021-11-05T14:36:47.475Z,0
618aecd07f90a00016dde804,pending,603fdf31a36c060015655272,617fb7e7537625528cf4f721,15,"[{""graded"":false,""_id"":{""$oid"":""618aecd07f90a00016dde805""},""questionId"":{""$oid"":""61807f701a5eec0016682dbe""},""optionSelected"":1,""correctOption"":3,""markWeight"":30},{""graded"":false,""_id"":{""$oid"":""618aecd07f90a00016dde806""},""questionId"":{""$oid"":""61807f951a5eec0016682dc0""},""optionSelected"":2,""correctOption"":3,""markWeight"":30},{""graded"":false,""_id"":{""$oid"":""618aecd07f90a00016dde807""},""questionId"":{""$oid"":""61807f9d1a5eec0016682dc2""},""optionSelected"":1,""correctOption"":3,""markWeight"":30},{""graded"":false,""_id"":{""$oid"":""618aecd07f90a00016dde808""},""questionId"":{""$oid"":""6181455cab161872687061a7""},""optionSelected"":1,""correctOption"":3,""markWeight"":30}]",0,0,0,4,0,You can do better.,120,2021-11-09T21:49:04.853Z,2021-11-09T21:49:04.853Z,0
618aeeda23d55f2c847c4fb0,pending,603fdf31a36c060015655272,617fb7e7537625528cf4f721,15,"[{""graded"":false,""_id"":{""$oid"":""618aeeda23d55f2c847c4fb1""},""questionId"":{""$oid"":""61807f701a5eec0016682dbe""},""optionSelected"":1,""correctOption"":3,""markWeight"":30},{""graded"":false,""_id"":{""$oid"":""618aeeda23d55f2c847c4fb2""},""questionId"":{""$oid"":""61807f951a5eec0016682dc0""},""optionSelected"":1,""correctOption"":3,""markWeight"":30},{""graded"":false,""_id"":{""$oid"":""618aeeda23d55f2c847c4fb3""},""questionId"":{""$oid"":""61807f9d1a5eec0016682dc2""},""optionSelected"":1,""correctOption"":3,""markWeight"":30},{""graded"":false,""_id"":{""$oid"":""618aeeda23d55f2c847c4fb4""},""questionId"":{""$oid"":""6181455cab161872687061a7""},""optionSelected"":1,""correctOption"":3,""markWeight"":30}]",0,0,0,4,0,You can do better.,120,2021-11-09T21:57:46.405Z,2021-11-09T21:57:46.405Z,0
618aefbf23d55f2c847c5092,pending,603fdf31a36c060015655272,617fb7e7537625528cf4f721,15,"[{""graded"":false,""_id"":{""$oid"":""618aefbf23d55f2c847c5093""},""questionId"":{""$oid"":""61807f701a5eec0016682dbe""},""optionSelected"":0,""correctOption"":3,""markWeight"":30},{""graded"":false,""_id"":{""$oid"":""618aefbf23d55f2c847c5094""},""questionId"":{""$oid"":""61807f951a5eec0016682dc0""},""optionSelected"":0,""correctOption"":3,""markWeight"":30},{""graded"":false,""_id"":{""$oid"":""618aefbf23d55f2c847c5095""},""questionId"":{""$oid"":""61807f9d1a5eec0016682dc2""},""optionSelected"":0,""correctOption"":3,""markWeight"":30},{""graded"":false,""_id"":{""$oid"":""618aefbf23d55f2c847c5096""},""questionId"":{""$oid"":""6181455cab161872687061a7""},""optionSelected"":0,""correctOption"":3,""markWeight"":30}]",0,0,4,0,0,You can do better.,120,2021-11-09T22:01:35.089Z,2021-11-09T22:01:35.089Z,0
618af0be23d55f2c847c513a,pending,603fdf31a36c060015655272,617fb7e7537625528cf4f721,15,"[{""graded"":false,""_id"":{""$oid"":""618af0be23d55f2c847c513b""},""questionId"":{""$oid"":""61807f701a5eec0016682dbe""},""optionSelected"":1,""correctOption"":3,""markWeight"":30},{""graded"":false,""_id"":{""$oid"":""618af0be23d55f2c847c513c""},""questionId"":{""$oid"":""61807f951a5eec0016682dc0""},""optionSelected"":1,""correctOption"":3,""markWeight"":30},{""graded"":false,""_id"":{""$oid"":""618af0be23d55f2c847c513d""},""questionId"":{""$oid"":""61807f9d1a5eec0016682dc2""},""optionSelected"":1,""correctOption"":3,""markWeight"":30},{""graded"":false,""_id"":{""$oid"":""618af0be23d55f2c847c513e""},""questionId"":{""$oid"":""6181455cab161872687061a7""},""optionSelected"":1,""correctOption"":3,""markWeight"":30}]",0,0,0,4,0,You can do better.,120,2021-11-09T22:05:50.302Z,2021-11-09T22:05:50.302Z,0
618b7d82e00301478c1be373,pending,603fdf31a36c060015655272,617fb7e7537625528cf4f721,15,"[{""graded"":false,""_id"":{""$oid"":""618b7d82e00301478c1be374""},""questionId"":{""$oid"":""61807f701a5eec0016682dbe""},""optionSelected"":0,""correctOption"":3,""markWeight"":30},{""graded"":false,""_id"":{""$oid"":""618b7d82e00301478c1be375""},""questionId"":{""$oid"":""61807f951a5eec0016682dc0""},""optionSelected"":1,""correctOption"":3,""markWeight"":30},{""graded"":false,""_id"":{""$oid"":""618b7d82e00301478c1be376""},""questionId"":{""$oid"":""61807f9d1a5eec0016682dc2""},""optionSelected"":1,""correctOption"":3,""markWeight"":30},{""graded"":false,""_id"":{""$oid"":""618b7d82e00301478c1be377""},""questionId"":{""$oid"":""6181455cab161872687061a7""},""optionSelected"":1,""correctOption"":3,""markWeight"":30}]",0,0,1,3,0,You can do better.,120,2021-11-10T08:06:26.737Z,2021-11-10T08:06:26.737Z,0
618b8063e00301478c1be41f,pending,603fdf31a36c060015655272,617fb7e7537625528cf4f721,15,"[{""graded"":false,""_id"":{""$oid"":""618b8063e00301478c1be420""},""questionId"":{""$oid"":""61807f701a5eec0016682dbe""},""optionSelected"":0,""correctOption"":3,""markWeight"":30},{""graded"":false,""_id"":{""$oid"":""618b8063e00301478c1be421""},""questionId"":{""$oid"":""61807f951a5eec0016682dc0""},""optionSelected"":1,""correctOption"":3,""markWeight"":30},{""graded"":false,""_id"":{""$oid"":""618b8063e00301478c1be422""},""questionId"":{""$oid"":""61807f9d1a5eec0016682dc2""},""optionSelected"":0,""correctOption"":3,""markWeight"":30},{""graded"":false,""_id"":{""$oid"":""618b8063e00301478c1be423""},""questionId"":{""$oid"":""6181455cab161872687061a7""},""optionSelected"":0,""correctOption"":3,""markWeight"":30}]",0,0,3,1,0,You can do better.,120,2021-11-10T08:18:43.045Z,2021-11-10T08:18:43.045Z,0
618b820fe00301478c1be47b,pending,603fdf31a36c060015655272,617fb7e7537625528cf4f721,15,"[{""graded"":false,""_id"":{""$oid"":""618b820fe00301478c1be47c""},""questionId"":{""$oid"":""61807f701a5eec0016682dbe""},""optionSelected"":0,""correctOption"":3,""markWeight"":30},{""graded"":false,""_id"":{""$oid"":""618b820fe00301478c1be47d""},""questionId"":{""$oid"":""61807f951a5eec0016682dc0""},""optionSelected"":1,""correctOption"":3,""markWeight"":30},{""graded"":false,""_id"":{""$oid"":""618b820fe00301478c1be47e""},""questionId"":{""$oid"":""61807f9d1a5eec0016682dc2""},""optionSelected"":1,""correctOption"":3,""markWeight"":30},{""graded"":false,""_id"":{""$oid"":""618b820fe00301478c1be47f""},""questionId"":{""$oid"":""6181455cab161872687061a7""},""optionSelected"":0,""correctOption"":3,""markWeight"":30}]",0,0,2,2,0,You can do better.,120,2021-11-10T08:25:51.882Z,2021-11-10T08:25:51.882Z,0
618b88fee00301478c1be629,pending,603fdf31a36c060015655272,618b7ff17f90a00016ddf75a,15,"[{""graded"":false,""_id"":{""$oid"":""618b88fee00301478c1be62a""},""questionId"":{""$oid"":""618b7ff67f90a00016ddf762""},""optionSelected"":2,""correctOption"":1,""markWeight"":1},{""graded"":false,""_id"":{""$oid"":""618b88fee00301478c1be62b""},""questionId"":{""$oid"":""618b80257f90a00016ddf773""},""optionSelected"":0,""correctOption"":0,""markWeight"":1},{""graded"":false,""_id"":{""$oid"":""618b88fee00301478c1be62c""},""questionId"":{""$oid"":""618b80537f90a00016ddf782""},""optionSelected"":1,""correctOption"":0,""markWeight"":1},{""graded"":false,""_id"":{""$oid"":""618b88fee00301478c1be62d""},""questionId"":{""$oid"":""618b80b57f90a00016ddf78d""},""optionSelected"":2,""correctOption"":1,""markWeight"":1},{""graded"":false,""_id"":{""$oid"":""618b88fee00301478c1be62e""},""questionId"":{""$oid"":""618b80f47f90a00016ddf790""},""optionSelected"":1,""correctOption"":3,""markWeight"":1},{""graded"":false,""_id"":{""$oid"":""618b88fee00301478c1be62f""},""questionId"":{""$oid"":""618b813c7f90a00016ddf7bc""},""optionSelected"":0,""correctOption"":1,""markWeight"":1},{""graded"":false,""_id"":{""$oid"":""618b88fee00301478c1be630""},""questionId"":{""$oid"":""618b816c7f90a00016ddf7d2""},""optionSelected"":1,""correctOption"":0,""markWeight"":1},{""graded"":false,""_id"":{""$oid"":""618b88fee00301478c1be631""},""questionId"":{""$oid"":""618b818f7f90a00016ddf7e6""},""optionSelected"":1,""correctOption"":0,""markWeight"":1},{""graded"":false,""_id"":{""$oid"":""618b88fee00301478c1be632""},""questionId"":{""$oid"":""618b81b67f90a00016ddf811""},""optionSelected"":2,""correctOption"":1,""markWeight"":1},{""graded"":false,""_id"":{""$oid"":""618b88fee00301478c1be633""},""questionId"":{""$oid"":""618b828d7f90a00016ddf867""},""optionSelected"":0,""correctOption"":0,""markWeight"":1}]",0,0,3,7,0,You can do better.,10,2021-11-10T08:55:26.866Z,2021-11-10T08:55:26.866Z,0
618b8c79e00301478c1be6ca,pending,603fdf31a36c060015655272,618521e80640370016d8dde9,15,"[{""graded"":false,""_id"":{""$oid"":""618b8c79e00301478c1be6cb""},""questionId"":{""$oid"":""618521ec0640370016d8ddf1""},""optionSelected"":null,""markWeight"":1,""answer"":""Coming soon""},{""graded"":false,""_id"":{""$oid"":""618b8c79e00301478c1be6cc""},""questionId"":{""$oid"":""618521fb0640370016d8ddfb""},""optionSelected"":null,""markWeight"":1,""answer"":""Coming soon2""},{""graded"":false,""_id"":{""$oid"":""618b8c79e00301478c1be6cd""},""questionId"":{""$oid"":""618522120640370016d8ddfe""},""optionSelected"":null,""markWeight"":1,""answer"":""Coming soon3""},{""graded"":false,""_id"":{""$oid"":""618b8c79e00301478c1be6ce""},""questionId"":{""$oid"":""618522230640370016d8de01""},""optionSelected"":null,""markWeight"":1,""answer"":""Coming soon4""}]",0,0,4,0,0,You can do better.,4,2021-11-10T09:10:17.125Z,2021-11-10T09:10:17.125Z,0
618b94cb9aa8f4544490f060,pending,603fdf31a36c060015655272,618b7ff17f90a00016ddf75a,15,"[{""graded"":false,""_id"":{""$oid"":""618b94cb9aa8f4544490f061""},""questionId"":{""$oid"":""618b7ff67f90a00016ddf762""},""optionSelected"":1,""correctOption"":1,""markWeight"":1},{""graded"":false,""_id"":{""$oid"":""618b94cb9aa8f4544490f062""},""questionId"":{""$oid"":""618b80257f90a00016ddf773""},""optionSelected"":0,""correctOption"":0,""markWeight"":1},{""graded"":false,""_id"":{""$oid"":""618b94cb9aa8f4544490f063""},""questionId"":{""$oid"":""618b80537f90a00016ddf782""},""optionSelected"":1,""correctOption"":0,""markWeight"":1},{""graded"":false,""_id"":{""$oid"":""618b94cb9aa8f4544490f064""},""questionId"":{""$oid"":""618b80b57f90a00016ddf78d""},""optionSelected"":2,""correctOption"":1,""markWeight"":1},{""graded"":false,""_id"":{""$oid"":""618b94cb9aa8f4544490f065""},""questionId"":{""$oid"":""618b80f47f90a00016ddf790""},""optionSelected"":1,""correctOption"":3,""markWeight"":1},{""graded"":false,""_id"":{""$oid"":""618b94cb9aa8f4544490f066""},""questionId"":{""$oid"":""618b813c7f90a00016ddf7bc""},""optionSelected"":0,""correctOption"":1,""markWeight"":1},{""graded"":false,""_id"":{""$oid"":""618b94cb9aa8f4544490f067""},""questionId"":{""$oid"":""618b816c7f90a00016ddf7d2""},""optionSelected"":1,""correctOption"":0,""markWeight"":1},{""graded"":false,""_id"":{""$oid"":""618b94cb9aa8f4544490f068""},""questionId"":{""$oid"":""618b818f7f90a00016ddf7e6""},""optionSelected"":2,""correctOption"":0,""markWeight"":1},{""graded"":false,""_id"":{""$oid"":""618b94cb9aa8f4544490f069""},""questionId"":{""$oid"":""618b81b67f90a00016ddf811""},""optionSelected"":2,""correctOption"":1,""markWeight"":1},{""graded"":false,""_id"":{""$oid"":""618b94cb9aa8f4544490f06a""},""questionId"":{""$oid"":""618b828d7f90a00016ddf867""},""optionSelected"":1,""correctOption"":0,""markWeight"":1}]",1,1,2,7,0.1,You can do better.,10,2021-11-10T09:45:47.249Z,2021-11-10T09:45:47.249Z,0
618ba0a19aa8f4544490f2ab,pending,603fdf31a36c060015655272,618b7ff17f90a00016ddf75a,15,"[{""graded"":false,""_id"":{""$oid"":""618ba0a29aa8f4544490f2ac""},""questionId"":{""$oid"":""618b7ff67f90a00016ddf762""},""optionSelected"":1,""markWeight"":5},{""graded"":false,""_id"":{""$oid"":""618ba0a29aa8f4544490f2ad""},""questionId"":{""$oid"":""618b80257f90a00016ddf773""},""optionSelected"":0,""markWeight"":5},{""graded"":false,""_id"":{""$oid"":""618ba0a29aa8f4544490f2ae""},""questionId"":{""$oid"":""618b80537f90a00016ddf782""},""optionSelected"":1,""markWeight"":5},{""graded"":false,""_id"":{""$oid"":""618ba0a29aa8f4544490f2af""},""questionId"":{""$oid"":""618b80b57f90a00016ddf78d""},""optionSelected"":2,""markWeight"":5},{""graded"":false,""_id"":{""$oid"":""618ba0a29aa8f4544490f2b0""},""questionId"":{""$oid"":""618b80f47f90a00016ddf790""},""optionSelected"":1,""markWeight"":5},{""graded"":false,""_id"":{""$oid"":""618ba0a29aa8f4544490f2b1""},""questionId"":{""$oid"":""618b813c7f90a00016ddf7bc""},""optionSelected"":1,""markWeight"":5},{""graded"":false,""_id"":{""$oid"":""618ba0a29aa8f4544490f2b2""},""questionId"":{""$oid"":""618b816c7f90a00016ddf7d2""},""optionSelected"":2,""markWeight"":5},{""graded"":false,""_id"":{""$oid"":""618ba0a29aa8f4544490f2b3""},""questionId"":{""$oid"":""618b818f7f90a00016ddf7e6""},""optionSelected"":1,""markWeight"":5},{""graded"":false,""_id"":{""$oid"":""618ba0a29aa8f4544490f2b4""},""questionId"":{""$oid"":""618b81b67f90a00016ddf811""},""optionSelected"":1,""markWeight"":5},{""graded"":false,""_id"":{""$oid"":""618ba0a29aa8f4544490f2b5""},""questionId"":{""$oid"":""618b828d7f90a00016ddf867""},""optionSelected"":2,""markWeight"":5}]",0,0,1,9,0,You can do better.,50,2021-11-10T10:36:18.049Z,2021-11-10T10:36:18.049Z,0
618ba2423bb2464f2cdd43f1,pending,603fdf31a36c060015655272,618b7ff17f90a00016ddf75a,15,"[{""graded"":false,""_id"":{""$oid"":""618ba2423bb2464f2cdd43f2""},""questionId"":{""$oid"":""618b7ff67f90a00016ddf762""},""optionSelected"":1,""markWeight"":5},{""graded"":false,""_id"":{""$oid"":""618ba2423bb2464f2cdd43f3""},""questionId"":{""$oid"":""618b80257f90a00016ddf773""},""optionSelected"":0,""markWeight"":5},{""graded"":false,""_id"":{""$oid"":""618ba2423bb2464f2cdd43f4""},""questionId"":{""$oid"":""618b80537f90a00016ddf782""},""optionSelected"":1,""markWeight"":5},{""graded"":false,""_id"":{""$oid"":""618ba2423bb2464f2cdd43f5""},""questionId"":{""$oid"":""618b80b57f90a00016ddf78d""},""optionSelected"":2,""markWeight"":5},{""graded"":false,""_id"":{""$oid"":""618ba2423bb2464f2cdd43f6""},""questionId"":{""$oid"":""618b80f47f90a00016ddf790""},""optionSelected"":2,""markWeight"":5},{""graded"":false,""_id"":{""$oid"":""618ba2423bb2464f2cdd43f7""},""questionId"":{""$oid"":""618b813c7f90a00016ddf7bc""},""optionSelected"":2,""markWeight"":5},{""graded"":false,""_id"":{""$oid"":""618ba2423bb2464f2cdd43f8""},""questionId"":{""$oid"":""618b816c7f90a00016ddf7d2""},""optionSelected"":1,""markWeight"":5},{""graded"":false,""_id"":{""$oid"":""618ba2423bb2464f2cdd43f9""},""questionId"":{""$oid"":""618b818f7f90a00016ddf7e6""},""optionSelected"":0,""markWeight"":5},{""graded"":false,""_id"":{""$oid"":""618ba2423bb2464f2cdd43fa""},""questionId"":{""$oid"":""618b81b67f90a00016ddf811""},""optionSelected"":1,""markWeight"":5},{""graded"":false,""_id"":{""$oid"":""618ba2423bb2464f2cdd43fb""},""questionId"":{""$oid"":""618b828d7f90a00016ddf867""},""optionSelected"":2,""markWeight"":5}]",0,0,2,8,0,You can do better.,50,2021-11-10T10:43:14.679Z,2021-11-10T10:43:14.679Z,0
618ba3d93bb2464f2cdd44a0,pending,603fdf31a36c060015655272,618b7ff17f90a00016ddf75a,15,"[{""graded"":false,""_id"":{""$oid"":""618ba3d93bb2464f2cdd44a1""},""questionId"":{""$oid"":""618b7ff67f90a00016ddf762""},""optionSelected"":0,""correctOption"":1,""markWeight"":5},{""graded"":false,""_id"":{""$oid"":""618ba3d93bb2464f2cdd44a2""},""questionId"":{""$oid"":""618b80257f90a00016ddf773""},""optionSelected"":1,""correctOption"":0,""markWeight"":5},{""graded"":false,""_id"":{""$oid"":""618ba3d93bb2464f2cdd44a3""},""questionId"":{""$oid"":""618b80537f90a00016ddf782""},""optionSelected"":2,""correctOption"":0,""markWeight"":5},{""graded"":false,""_id"":{""$oid"":""618ba3d93bb2464f2cdd44a4""},""questionId"":{""$oid"":""618b80b57f90a00016ddf78d""},""optionSelected"":1,""correctOption"":1,""markWeight"":5},{""graded"":false,""_id"":{""$oid"":""618ba3d93bb2464f2cdd44a5""},""questionId"":{""$oid"":""618b80f47f90a00016ddf790""},""optionSelected"":0,""correctOption"":0,""markWeight"":5},{""graded"":false,""_id"":{""$oid"":""618ba3d93bb2464f2cdd44a6""},""questionId"":{""$oid"":""618b813c7f90a00016ddf7bc""},""optionSelected"":1,""correctOption"":1,""markWeight"":5},{""graded"":false,""_id"":{""$oid"":""618ba3d93bb2464f2cdd44a7""},""questionId"":{""$oid"":""618b816c7f90a00016ddf7d2""},""optionSelected"":2,""correctOption"":0,""markWeight"":5},{""graded"":false,""_id"":{""$oid"":""618ba3d93bb2464f2cdd44a8""},""questionId"":{""$oid"":""618b818f7f90a00016ddf7e6""},""optionSelected"":1,""correctOption"":0,""markWeight"":5},{""graded"":false,""_id"":{""$oid"":""618ba3d93bb2464f2cdd44a9""},""questionId"":{""$oid"":""618b81b67f90a00016ddf811""},""optionSelected"":0,""correctOption"":1,""markWeight"":5},{""graded"":false,""_id"":{""$oid"":""618ba3d93bb2464f2cdd44aa""},""questionId"":{""$oid"":""618b828d7f90a00016ddf867""},""optionSelected"":1,""correctOption"":0,""markWeight"":5}]",10,2,3,5,0.2,You can do better.,50,2021-11-10T10:50:01.893Z,2021-11-10T10:50:01.893Z,0
618ba5c43bb2464f2cdd4501,pending,603fdf31a36c060015655272,618ba466a732da52ecc29cae,15,"[{""graded"":false,""_id"":{""$oid"":""618ba5c43bb2464f2cdd4502""},""questionId"":{""$oid"":""618ba4a47f90a00016de04f0""},""optionSelected"":null,""markWeight"":1,""answer"":""Food is starsghh""},{""graded"":false,""_id"":{""$oid"":""618ba5c43bb2464f2cdd4503""},""questionId"":{""$oid"":""618ba4bc7f90a00016de04f3""},""optionSelected"":null,""markWeight"":1,""answer"":""Cassava""},{""graded"":false,""_id"":{""$oid"":""618ba5c43bb2464f2cdd4504""},""questionId"":{""$oid"":""618ba4d27f90a00016de04f6""},""optionSelected"":null,""markWeight"":1,""answer"":""Hahaha""},{""graded"":false,""_id"":{""$oid"":""618ba5c43bb2464f2cdd4505""},""questionId"":{""$oid"":""618ba4e87f90a00016de0500""},""optionSelected"":null,""markWeight"":1},{""graded"":false,""_id"":{""$oid"":""618ba5c43bb2464f2cdd4506""},""questionId"":{""$oid"":""618b80f47f90a00016ddf790""},""optionSelected"":0,""correctOption"":0,""markWeight"":5},{""graded"":false,""_id"":{""$oid"":""618ba5c43bb2464f2cdd4507""},""questionId"":{""$oid"":""618b813c7f90a00016ddf7bc""},""optionSelected"":1,""correctOption"":1,""markWeight"":5},{""graded"":false,""_id"":{""$oid"":""618ba5c43bb2464f2cdd4508""},""questionId"":{""$oid"":""618b816c7f90a00016ddf7d2""},""optionSelected"":2,""correctOption"":0,""markWeight"":5},{""graded"":false,""_id"":{""$oid"":""618ba5c43bb2464f2cdd4509""},""questionId"":{""$oid"":""618b818f7f90a00016ddf7e6""},""optionSelected"":1,""correctOption"":0,""markWeight"":5},{""graded"":false,""_id"":{""$oid"":""618ba5c43bb2464f2cdd450a""},""questionId"":{""$oid"":""618b81b67f90a00016ddf811""},""optionSelected"":0,""correctOption"":1,""markWeight"":5},{""graded"":false,""_id"":{""$oid"":""618ba5c43bb2464f2cdd450b""},""questionId"":{""$oid"":""618b828d7f90a00016ddf867""},""optionSelected"":1,""correctOption"":0,""markWeight"":5}]",5,1,6,3,0.14705882352941177,You can do better.,34,2021-11-10T10:58:12.893Z,2021-11-10T10:58:12.893Z,0
618ba6d03bb2464f2cdd45a5,pending,603fdf31a36c060015655272,618ba466a732da52ecc29cae,15,"[{""graded"":true,""_id"":{""$oid"":""618ba6d03bb2464f2cdd45a6""},""questionId"":{""$oid"":""618ba4a47f90a00016de04f0""},""optionSelected"":null,""markWeight"":1,""answer"":""Food is"",""assignedScore"":20},{""graded"":true,""_id"":{""$oid"":""618ba6d03bb2464f2cdd45a7""},""questionId"":{""$oid"":""618ba4bc7f90a00016de04f3""},""optionSelected"":null,""markWeight"":1,""answer"":""Protein"",""assignedScore"":10},{""graded"":true,""_id"":{""$oid"":""618ba6d03bb2464f2cdd45a8""},""questionId"":{""$oid"":""618ba4d27f90a00016de04f6""},""optionSelected"":null,""markWeight"":1,""answer"":""Proteins are ..."",""assignedScore"":5},{""graded"":true,""_id"":{""$oid"":""618ba6d03bb2464f2cdd45a9""},""questionId"":{""$oid"":""618ba4e87f90a00016de0500""},""optionSelected"":null,""markWeight"":1,""answer"":""Growth is the ,,.,"",""assignedScore"":5}]",0,0,4,0,0,You can do better.,4,2021-11-10T11:02:40.207Z,2021-11-10T11:03:52.001Z,0
618bb107c07b8b0016b16867,pending,603fdf31a36c060015655272,618bab58a732da52ecc29e4d,15,"[{""graded"":false,""_id"":{""$oid"":""618bb107c07b8b0016b16868""},""questionId"":{""$oid"":""618baba8c07b8b0016b16564""},""optionSelected"":3,""correctOption"":3,""markWeight"":1},{""graded"":false,""_id"":{""$oid"":""618bb107c07b8b0016b16869""},""questionId"":{""$oid"":""618bac3bc07b8b0016b165d8""},""optionSelected"":0,""correctOption"":3,""markWeight"":5},{""graded"":false,""_id"":{""$oid"":""618bb107c07b8b0016b1686a""},""questionId"":{""$oid"":""618bac86c07b8b0016b166cd""},""optionSelected"":2,""correctOption"":3,""markWeight"":5},{""graded"":false,""_id"":{""$oid"":""618bb107c07b8b0016b1686b""},""questionId"":{""$oid"":""618baccdc07b8b0016b1671a""},""optionSelected"":3,""correctOption"":3,""markWeight"":5},{""graded"":false,""_id"":{""$oid"":""618bb107c07b8b0016b1686c""},""questionId"":{""$oid"":""618bad1ac07b8b0016b16731""},""optionSelected"":1,""correctOption"":0,""markWeight"":5},{""graded"":false,""_id"":{""$oid"":""618bb107c07b8b0016b1686d""},""questionId"":{""$oid"":""618badb8c07b8b0016b16765""},""optionSelected"":1,""correctOption"":1,""markWeight"":5},{""graded"":false,""_id"":{""$oid"":""618bb107c07b8b0016b1686e""},""questionId"":{""$oid"":""618bae20c07b8b0016b16794""},""optionSelected"":1,""correctOption"":2,""markWeight"":5},{""graded"":false,""_id"":{""$oid"":""618bb107c07b8b0016b1686f""},""questionId"":{""$oid"":""618bae69c07b8b0016b167ac""},""optionSelected"":2,""correctOption"":3,""markWeight"":5},{""graded"":false,""_id"":{""$oid"":""618bb107c07b8b0016b16870""},""questionId"":{""$oid"":""618baeb1c07b8b0016b167d3""},""optionSelected"":1,""correctOption"":1,""markWeight"":5},{""graded"":false,""_id"":{""$oid"":""618bb107c07b8b0016b16871""},""questionId"":{""$oid"":""618baf13c07b8b0016b167f0""},""optionSelected"":0,""correctOption"":0,""markWeight"":5}]",16,4,2,4,0.34782608695652173,You can do better.,46,2021-11-10T11:46:15.905Z,2021-11-10T11:46:15.905Z,0
618bb8bcc07b8b0016b17147,pending,618bb738c07b8b0016b16cf7,618bab58a732da52ecc29e4d,15,"[{""graded"":false,""_id"":{""$oid"":""618bb8bcc07b8b0016b17148""},""questionId"":{""$oid"":""618baba8c07b8b0016b16564""},""optionSelected"":3,""correctOption"":3,""markWeight"":1},{""graded"":false,""_id"":{""$oid"":""618bb8bcc07b8b0016b17149""},""questionId"":{""$oid"":""618bac3bc07b8b0016b165d8""},""optionSelected"":3,""correctOption"":3,""markWeight"":5},{""graded"":false,""_id"":{""$oid"":""618bb8bcc07b8b0016b1714a""},""questionId"":{""$oid"":""618bac86c07b8b0016b166cd""},""optionSelected"":3,""correctOption"":3,""markWeight"":5},{""graded"":false,""_id"":{""$oid"":""618bb8bcc07b8b0016b1714b""},""questionId"":{""$oid"":""618baccdc07b8b0016b1671a""},""optionSelected"":3,""correctOption"":3,""markWeight"":5},{""graded"":false,""_id"":{""$oid"":""618bb8bcc07b8b0016b1714c""},""questionId"":{""$oid"":""618bad1ac07b8b0016b16731""},""optionSelected"":3,""correctOption"":0,""markWeight"":5},{""graded"":false,""_id"":{""$oid"":""618bb8bcc07b8b0016b1714d""},""questionId"":{""$oid"":""618badb8c07b8b0016b16765""},""optionSelected"":3,""correctOption"":1,""markWeight"":5},{""graded"":false,""_id"":{""$oid"":""618bb8bcc07b8b0016b1714e""},""questionId"":{""$oid"":""618bae20c07b8b0016b16794""},""optionSelected"":3,""correctOption"":2,""markWeight"":5},{""graded"":false,""_id"":{""$oid"":""618bb8bcc07b8b0016b1714f""},""questionId"":{""$oid"":""618bae69c07b8b0016b167ac""},""optionSelected"":0,""correctOption"":3,""markWeight"":5},{""graded"":false,""_id"":{""$oid"":""618bb8bcc07b8b0016b17150""},""questionId"":{""$oid"":""618baeb1c07b8b0016b167d3""},""optionSelected"":1,""correctOption"":1,""markWeight"":5},{""graded"":false,""_id"":{""$oid"":""618bb8bcc07b8b0016b17151""},""questionId"":{""$oid"":""618baf13c07b8b0016b167f0""},""optionSelected"":1,""correctOption"":0,""markWeight"":5}]",21,5,1,4,0.45652173913043476,Good Result.,46,2021-11-10T12:19:08.073Z,2021-11-10T12:19:08.073Z,0
618bbaadc07b8b0016b17475,pending,6082a5aa3926fe29c8c7f223,618bab58a732da52ecc29e4d,15,"[{""graded"":false,""_id"":{""$oid"":""618bbaadc07b8b0016b17476""},""questionId"":{""$oid"":""618baba8c07b8b0016b16564""},""optionSelected"":3,""correctOption"":3,""markWeight"":1},{""graded"":false,""_id"":{""$oid"":""618bbaadc07b8b0016b17477""},""questionId"":{""$oid"":""618bac3bc07b8b0016b165d8""},""optionSelected"":3,""correctOption"":3,""markWeight"":5},{""graded"":false,""_id"":{""$oid"":""618bbaadc07b8b0016b17478""},""questionId"":{""$oid"":""618bac86c07b8b0016b166cd""},""optionSelected"":1,""correctOption"":3,""markWeight"":5},{""graded"":false,""_id"":{""$oid"":""618bbaadc07b8b0016b17479""},""questionId"":{""$oid"":""618baccdc07b8b0016b1671a""},""optionSelected"":3,""correctOption"":3,""markWeight"":5},{""graded"":false,""_id"":{""$oid"":""618bbaadc07b8b0016b1747a""},""questionId"":{""$oid"":""618bad1ac07b8b0016b16731""},""optionSelected"":1,""correctOption"":0,""markWeight"":5},{""graded"":false,""_id"":{""$oid"":""618bbaadc07b8b0016b1747b""},""questionId"":{""$oid"":""618badb8c07b8b0016b16765""},""optionSelected"":3,""correctOption"":1,""markWeight"":5},{""graded"":false,""_id"":{""$oid"":""618bbaadc07b8b0016b1747c""},""questionId"":{""$oid"":""618bae20c07b8b0016b16794""},""optionSelected"":3,""correctOption"":2,""markWeight"":5},{""graded"":false,""_id"":{""$oid"":""618bbaadc07b8b0016b1747d""},""questionId"":{""$oid"":""618bae69c07b8b0016b167ac""},""optionSelected"":3,""correctOption"":3,""markWeight"":5},{""graded"":false,""_id"":{""$oid"":""618bbaadc07b8b0016b1747e""},""questionId"":{""$oid"":""618baeb1c07b8b0016b167d3""},""optionSelected"":3,""correctOption"":1,""markWeight"":5},{""graded"":false,""_id"":{""$oid"":""618bbaadc07b8b0016b1747f""},""questionId"":{""$oid"":""618baf13c07b8b0016b167f0""},""optionSelected"":0,""correctOption"":0,""markWeight"":5}]",16,4,1,5,0.34782608695652173,You can do better.,46,2021-11-10T12:27:25.720Z,2021-11-10T12:27:25.720Z,0
618bbae2c07b8b0016b174cf,pending,6138836b58490c00169f5333,618bab58a732da52ecc29e4d,15,"[{""graded"":false,""_id"":{""$oid"":""618bbae2c07b8b0016b174d0""},""questionId"":{""$oid"":""618baba8c07b8b0016b16564""},""optionSelected"":3,""correctOption"":3,""markWeight"":1},{""graded"":false,""_id"":{""$oid"":""618bbae2c07b8b0016b174d1""},""questionId"":{""$oid"":""618bac3bc07b8b0016b165d8""},""optionSelected"":3,""correctOption"":3,""markWeight"":5},{""graded"":false,""_id"":{""$oid"":""618bbae2c07b8b0016b174d2""},""questionId"":{""$oid"":""618bac86c07b8b0016b166cd""},""optionSelected"":3,""correctOption"":3,""markWeight"":5},{""graded"":false,""_id"":{""$oid"":""618bbae2c07b8b0016b174d3""},""questionId"":{""$oid"":""618baccdc07b8b0016b1671a""},""optionSelected"":3,""correctOption"":3,""markWeight"":5},{""graded"":false,""_id"":{""$oid"":""618bbae2c07b8b0016b174d4""},""questionId"":{""$oid"":""618bad1ac07b8b0016b16731""},""optionSelected"":0,""correctOption"":0,""markWeight"":5},{""graded"":false,""_id"":{""$oid"":""618bbae2c07b8b0016b174d5""},""questionId"":{""$oid"":""618badb8c07b8b0016b16765""},""optionSelected"":3,""correctOption"":1,""markWeight"":5},{""graded"":false,""_id"":{""$oid"":""618bbae2c07b8b0016b174d6""},""questionId"":{""$oid"":""618bae20c07b8b0016b16794""},""optionSelected"":0,""correctOption"":2,""markWeight"":5},{""graded"":false,""_id"":{""$oid"":""618bbae2c07b8b0016b174d7""},""questionId"":{""$oid"":""618bae69c07b8b0016b167ac""},""optionSelected"":3,""correctOption"":3,""markWeight"":5},{""graded"":false,""_id"":{""$oid"":""618bbae2c07b8b0016b174d8""},""questionId"":{""$oid"":""618baeb1c07b8b0016b167d3""},""optionSelected"":1,""correctOption"":1,""markWeight"":5},{""graded"":false,""_id"":{""$oid"":""618bbae2c07b8b0016b174d9""},""questionId"":{""$oid"":""618baf13c07b8b0016b167f0""},""optionSelected"":0,""correctOption"":0,""markWeight"":5}]",26,6,3,1,0.5652173913043478,Good Result.,46,2021-11-10T12:28:18.091Z,2021-11-10T12:28:18.091Z,0
618bbb40c07b8b0016b17534,pending,6092599893c73300157daf7e,618bab58a732da52ecc29e4d,15,"[{""graded"":false,""_id"":{""$oid"":""618bbb40c07b8b0016b17535""},""questionId"":{""$oid"":""618baba8c07b8b0016b16564""},""optionSelected"":3,""correctOption"":3,""markWeight"":1},{""graded"":false,""_id"":{""$oid"":""618bbb40c07b8b0016b17536""},""questionId"":{""$oid"":""618bac3bc07b8b0016b165d8""},""optionSelected"":3,""correctOption"":3,""markWeight"":5},{""graded"":false,""_id"":{""$oid"":""618bbb40c07b8b0016b17537""},""questionId"":{""$oid"":""618bac86c07b8b0016b166cd""},""optionSelected"":3,""correctOption"":3,""markWeight"":5},{""graded"":false,""_id"":{""$oid"":""618bbb40c07b8b0016b17538""},""questionId"":{""$oid"":""618baccdc07b8b0016b1671a""},""optionSelected"":3,""correctOption"":3,""markWeight"":5},{""graded"":false,""_id"":{""$oid"":""618bbb40c07b8b0016b17539""},""questionId"":{""$oid"":""618bad1ac07b8b0016b16731""},""optionSelected"":1,""correctOption"":0,""markWeight"":5},{""graded"":false,""_id"":{""$oid"":""618bbb40c07b8b0016b1753a""},""questionId"":{""$oid"":""618badb8c07b8b0016b16765""},""optionSelected"":2,""correctOption"":1,""markWeight"":5},{""graded"":false,""_id"":{""$oid"":""618bbb40c07b8b0016b1753b""},""questionId"":{""$oid"":""618bae20c07b8b0016b16794""},""optionSelected"":0,""correctOption"":2,""markWeight"":5},{""graded"":false,""_id"":{""$oid"":""618bbb40c07b8b0016b1753c""},""questionId"":{""$oid"":""618bae69c07b8b0016b167ac""},""optionSelected"":3,""correctOption"":3,""markWeight"":5},{""graded"":false,""_id"":{""$oid"":""618bbb40c07b8b0016b1753d""},""questionId"":{""$oid"":""618baeb1c07b8b0016b167d3""},""optionSelected"":1,""correctOption"":1,""markWeight"":5},{""graded"":false,""_id"":{""$oid"":""618bbb40c07b8b0016b1753e""},""questionId"":{""$oid"":""618baf13c07b8b0016b167f0""},""optionSelected"":0,""correctOption"":0,""markWeight"":5}]",26,6,2,2,0.5652173913043478,Good Result.,46,2021-11-10T12:29:52.202Z,2021-11-10T12:29:52.202Z,0
618bbb48c07b8b0016b1759d,pending,6082ab7e3926fe29c8c80069,618bab58a732da52ecc29e4d,15,"[{""graded"":false,""_id"":{""$oid"":""618bbb48c07b8b0016b1759e""},""questionId"":{""$oid"":""618baba8c07b8b0016b16564""},""optionSelected"":3,""correctOption"":3,""markWeight"":1},{""graded"":false,""_id"":{""$oid"":""618bbb48c07b8b0016b1759f""},""questionId"":{""$oid"":""618bac3bc07b8b0016b165d8""},""optionSelected"":3,""correctOption"":3,""markWeight"":5},{""graded"":false,""_id"":{""$oid"":""618bbb48c07b8b0016b175a0""},""questionId"":{""$oid"":""618bac86c07b8b0016b166cd""},""optionSelected"":3,""correctOption"":3,""markWeight"":5},{""graded"":false,""_id"":{""$oid"":""618bbb48c07b8b0016b175a1""},""questionId"":{""$oid"":""618baccdc07b8b0016b1671a""},""optionSelected"":3,""correctOption"":3,""markWeight"":5},{""graded"":false,""_id"":{""$oid"":""618bbb48c07b8b0016b175a2""},""questionId"":{""$oid"":""618bad1ac07b8b0016b16731""},""optionSelected"":0,""correctOption"":0,""markWeight"":5},{""graded"":false,""_id"":{""$oid"":""618bbb48c07b8b0016b175a3""},""questionId"":{""$oid"":""618badb8c07b8b0016b16765""},""optionSelected"":2,""correctOption"":1,""markWeight"":5},{""graded"":false,""_id"":{""$oid"":""618bbb48c07b8b0016b175a4""},""questionId"":{""$oid"":""618bae20c07b8b0016b16794""},""optionSelected"":1,""correctOption"":2,""markWeight"":5},{""graded"":false,""_id"":{""$oid"":""618bbb48c07b8b0016b175a5""},""questionId"":{""$oid"":""618bae69c07b8b0016b167ac""},""optionSelected"":0,""correctOption"":3,""markWeight"":5},{""graded"":false,""_id"":{""$oid"":""618bbb48c07b8b0016b175a6""},""questionId"":{""$oid"":""618baeb1c07b8b0016b167d3""},""optionSelected"":3,""correctOption"":1,""markWeight"":5},{""graded"":false,""_id"":{""$oid"":""618bbb48c07b8b0016b175a7""},""questionId"":{""$oid"":""618baf13c07b8b0016b167f0""},""optionSelected"":0,""correctOption"":0,""markWeight"":5}]",16,4,3,3,0.34782608695652173,You can do better.,46,2021-11-10T12:30:00.064Z,2021-11-10T12:30:00.064Z,0
618bc386c07b8b0016b17dd4,pending,6082a5aa3926fe29c8c7f223,618bbf11c07b8b0016b1793f,15,"[{""graded"":true,""_id"":{""$oid"":""618bc386c07b8b0016b17dd5""},""questionId"":{""$oid"":""618bbfed9557b101a0b0abc0""},""optionSelected"":null,""correctOption"":0,""markWeight"":5,""answer"":""Food is a species that deeply satisfies the stomach, aid movement and gives life. Some foods are terrible in taste but nutritious to the body while some food delivers pleasure to your tastebud bud hazardous to your health."",""assignedScore"":3}]",0,0,1,0,0,You can do better.,5,2021-11-10T13:05:10.293Z,2021-11-11T14:30:42.045Z,0
618bc3d1c07b8b0016b17e55,pending,6092599893c73300157daf7e,618bbf11c07b8b0016b1793f,15,"[{""graded"":true,""_id"":{""$oid"":""618bc3d1c07b8b0016b17e56""},""questionId"":{""$oid"":""618bbfed9557b101a0b0abc0""},""optionSelected"":null,""correctOption"":0,""markWeight"":5,""answer"":""Food is what we eat to keep "",""assignedScore"":3},{""graded"":true,""_id"":{""$oid"":""618bc3d1c07b8b0016b17e57""},""questionId"":{""$oid"":""618bc04f9557b101a0b0abc1""},""optionSelected"":null,""correctOption"":0,""markWeight"":5,""answer"":""Growth is to intentionally make ourselves uncomfortable to achieve the extraordinary"",""assignedScore"":10}]",0,0,2,0,0,You can do better.,10,2021-11-10T13:06:25.429Z,2021-11-10T13:11:15.129Z,0
618bc576c07b8b0016b17fe3,pending,603fdf31a36c060015655272,618bbf11c07b8b0016b1793f,60,"[{""graded"":false,""_id"":{""$oid"":""618bc576c07b8b0016b17fe4""},""questionId"":{""$oid"":""618bbfed9557b101a0b0abc0""},""optionSelected"":null,""correctOption"":0,""markWeight"":5,""answer"":""""}]",0,0,1,0,0,You can do better.,5,2021-11-10T13:13:26.592Z,2021-11-10T13:13:26.592Z,0
618bce1ac07b8b0016b185a8,pending,603fdf31a36c060015655272,618bbf11c07b8b0016b1793f,15,"[{""graded"":false,""_id"":{""$oid"":""618bce1ac07b8b0016b185a9""},""questionId"":{""$oid"":""618bbfed9557b101a0b0abc0""},""optionSelected"":null,""correctOption"":0,""markWeight"":5,""answer"":""hahaha""},{""graded"":false,""_id"":{""$oid"":""618bce1ac07b8b0016b185aa""},""questionId"":{""$oid"":""618bc04f9557b101a0b0abc1""},""optionSelected"":null,""correctOption"":0,""markWeight"":5,""answer"":""gii""}]",0,0,2,0,0,You can do better.,10,2021-11-10T13:50:18.083Z,2021-11-10T13:50:18.083Z,0
618d1c3b240b220016b8344c,pending,603fdf31a36c060015655272,618bbf11c07b8b0016b1793f,60,"[{""graded"":false,""_id"":{""$oid"":""618d1c3b240b220016b8344d""},""questionId"":{""$oid"":""618bbfed9557b101a0b0abc0""},""optionSelected"":null,""correctOption"":0,""markWeight"":5,""answer"":""Coming""},{""graded"":false,""_id"":{""$oid"":""618d1c3b240b220016b8344e""},""questionId"":{""$oid"":""618bc04f9557b101a0b0abc1""},""optionSelected"":null,""correctOption"":0,""markWeight"":5,""answer"":""iughiu""}]",0,0,2,0,0,You can do better.,10,2021-11-11T13:35:55.584Z,2021-11-11T13:35:55.584Z,0